prb_alloc,DRB.UEThpUl,target_prb_ratio
12,1355.0,66
48,4239.0,66
52,4744.0,66
91,5562.0,66
30,2665.0,66
97,5508.0,66
87,5719.0,66
83,5588.0,66
8,932.0,66
45,3975.0,66
8,923.0,66
50,4471.0,66
32,2745.0,66
50,4480.0,66
68,5533.0,66
30,2653.0,66
70,5606.0,66
42,3738.0,66
71,5453.0,66
5,370.0,66
60,5257.0,66
69,5524.0,66
71,5691.0,66
31,2735.0,66
73,5520.0,66
64,5545.0,66
61,5286.0,66
71,5522.0,66
13,1359.0,66
13,1357.0,66
5,363.0,66
28,2652.0,66
74,5728.0,66
26,2470.0,66
84,5499.0,66
14,1361.0,66
10,1212.0,66
66,5718.0,66
21,2068.0,66
64,5455.0,66
18,1959.0,66
25,2477.0,66
4,369.0,66
81,5606.0,66
70,5310.0,66
97,5757.0,66
26,2422.0,66
82,5594.0,66
37,3322.0,66
9,914.0,66
87,5378.0,66
25,2506.0,66
67,5470.0,66
24,2456.0,66
63,5514.0,66
26,2515.0,66
26,2469.0,66
99,6021.0,66
38,3318.0,66
6,714.0,66
93,6503.0,66
64,5555.0,66
9,929.0,66
63,5523.0,66
8,923.0,66
20,2101.0,66
18,1935.0,66
28,2639.0,66
70,5674.0,66
12,1362.0,66
79,5587.0,66
91,5337.0,66
94,5530.0,66
69,5491.0,66
71,5547.0,66
11,1208.0,66
43,3835.0,66
52,4766.0,66
87,5278.0,66
94,5366.0,66
8,937.0,66
48,4222.0,66
68,5647.0,66
55,4851.0,66
99,5330.0,66
13,1361.0,66
1,0.0,66
31,2741.0,66
72,5461.0,66
77,5610.0,66
64,5618.0,66
82,5668.0,66
90,5110.0,66
5,370.0,66
79,5684.0,66
76,5688.0,66
2,0.0,66
68,5571.0,66
89,4729.0,66
88,5624.0,66
89,4757.0,66
76,5439.0,66
11,1206.0,66
16,1629.0,66
4,368.0,66
68,5596.0,66
4,370.0,66
74,5468.0,66
31,2734.0,66
57,4921.0,66
74,5562.0,66
72,5488.0,66
48,4229.0,66
47,4242.0,66
67,5551.0,66
56,4920.0,66
71,5349.0,66
58,5166.0,66
67,5641.0,66
94,5150.0,66
72,5446.0,66
70,5476.0,66
81,5530.0,66
23,2317.0,66
5,368.0,66
3,0.0,66
42,3754.0,66
34,2941.0,66
85,5708.0,66
81,5437.0,66
2,0.0,66
33,2940.0,66
61,5274.0,66
81,5622.0,66
34,2928.0,66
74,5577.0,66
51,4447.0,66
82,5606.0,66
36,3187.0,66
94,5369.0,66
70,5626.0,66
38,3329.0,66
98,5431.0,66
33,2936.0,66
77,5477.0,66
62,5502.0,66
36,3180.0,66
2,0.0,66
51,4462.0,66
36,3177.0,66
17,1540.0,66
1,0.0,66
33,2929.0,66
2,0.0,66
88,5495.0,66
96,5556.0,66
52,4779.0,66
66,5657.0,66
77,5519.0,66
96,5446.0,66
66,5686.0,66
97,5382.0,66
11,1208.0,66
27,2671.0,66
57,4970.0,66
57,4966.0,66
3,0.0,66
75,5685.0,66
54,4827.0,66
54,4842.0,66
52,4774.0,66
53,4752.0,66
30,2640.0,66
96,5165.0,66
17,1646.0,66
48,4217.0,66
16,1607.0,66
29,2649.0,66
57,4941.0,66
25,2475.0,66
27,2675.0,66
62,5494.0,66
32,2737.0,66
61,5274.0,66
27,2685.0,66
99,5945.0,66
27,2656.0,66
19,1954.0,66
10,1207.0,66
80,5544.0,66
78,5546.0,66
43,3877.0,66
23,2363.0,66
22,2382.0,66
95,5695.0,66
37,3286.0,66
39,3522.0,66
10,1213.0,66
40,3497.0,66
53,4743.0,66
57,4935.0,66
91,5877.0,66
48,4226.0,66
89,5662.0,66
15,1358.0,66
43,3856.0,66
5,369.0,66
74,5515.0,66
12,1358.0,66
20,2068.0,66
3,0.0,66
99,5501.0,66
50,4442.0,66
36,3181.0,66
77,5504.0,66
20,2107.0,66
35,3192.0,66
28,2632.0,66
50,4436.0,66
90,5925.0,66
47,4236.0,66
15,1362.0,66
85,5557.0,66
98,5608.0,66
80,5554.0,66
68,5447.0,66
48,4225.0,66
55,4845.0,66
90,5438.0,66
51,4445.0,66
45,3999.0,66
87,5779.0,66
97,5394.0,66
32,2741.0,66
78,5480.0,66
46,4002.0,66
19,1957.0,66
80,5752.0,66
14,1364.0,66
83,5669.0,66
20,2081.0,66
30,2649.0,66
94,5905.0,66
58,5195.0,66
86,5633.0,66
84,5488.0,66
44,3831.0,66
63,5517.0,66
38,3331.0,66
14,1358.0,66
10,1147.0,66
24,2481.0,66
19,1952.0,66
35,3181.0,66
2,0.0,66
84,5540.0,66
44,3828.0,66
80,5842.0,66
21,2079.0,66
15,1359.0,66
3,0.0,66
81,5488.0,66
97,5499.0,66
40,3489.0,66
11,1191.0,66
59,5186.0,66
30,2662.0,66
4,367.0,66
79,5674.0,66
60,5274.0,66
55,4826.0,66
25,2482.0,66
84,5344.0,66
68,5622.0,66
24,2459.0,66
21,2075.0,66
17,1549.0,66
83,5511.0,66
15,1359.0,66
59,5163.0,66
65,5636.0,66
71,5351.0,66
59,5128.0,66
86,5501.0,66
40,3496.0,66
87,5348.0,66
63,5512.0,66
84,5521.0,66
39,3504.0,66
47,4222.0,66
53,4771.0,66
76,5445.0,66
97,5779.0,66
79,5578.0,66
86,5392.0,66
98,5734.0,66
80,5480.0,66
82,5551.0,66
71,5612.0,66
33,2930.0,66
27,2661.0,66
41,3739.0,66
4,368.0,66
4,364.0,66
42,3753.0,66
32,2747.0,66
48,4238.0,66
18,1969.0,66
77,5401.0,66
75,5545.0,66
73,5507.0,66
54,4860.0,66
15,1357.0,66
71,5583.0,66
93,5607.0,66
18,1938.0,66
66,5580.0,66
7,707.0,66
53,4738.0,66
76,5551.0,66
45,4001.0,66
85,5489.0,66
90,5491.0,66
58,5137.0,66
87,5790.0,66
19,1953.0,66
41,3725.0,66
19,1953.0,66
23,2341.0,66
18,1951.0,66
18,1954.0,66
50,4456.0,66
67,5572.0,66
2,0.0,66
28,2694.0,66
87,5678.0,66
73,5651.0,66
35,3188.0,66
29,2639.0,66
24,2482.0,66
81,5083.0,66
42,3754.0,66
66,5495.0,66
66,5438.0,66
43,3836.0,66
28,2677.0,66
77,5560.0,66
45,3986.0,66
91,5181.0,66
13,1370.0,66
78,5564.0,66
22,2329.0,66
84,5498.0,66
2,0.0,66
78,5418.0,66
58,5187.0,66
19,1953.0,66
4,368.0,66
30,2649.0,66
30,2657.0,66
54,4836.0,66
54,4819.0,66
39,3519.0,66
53,4813.0,66
69,5505.0,66
91,5494.0,66
19,1957.0,66
63,5510.0,66
23,2298.0,66
82,5550.0,66
58,5158.0,66
65,5515.0,66
51,4440.0,66
34,2932.0,66
89,5330.0,66
100,5285.0,66
86,5700.0,66
70,5455.0,66
43,3849.0,66
55,4835.0,66
17,1607.0,66
59,5175.0,66
23,2315.0,66
74,5466.0,66
45,4013.0,66
77,5585.0,66
89,5725.0,66
60,5256.0,66
45,4005.0,66
5,370.0,66
37,3333.0,66
18,1957.0,66
20,2092.0,66
35,3175.0,66
38,3317.0,66
13,1349.0,66
67,5403.0,66
24,2478.0,66
49,4367.0,66
83,5394.0,66
97,5410.0,66
70,5364.0,66
77,5383.0,66
67,5521.0,66
98,5956.0,66
95,5356.0,66
85,5813.0,66
31,2743.0,66
81,5550.0,66
95,5751.0,66
46,4014.0,66
95,5754.0,66
4,367.0,66
2,0.0,66
54,4837.0,66
31,2739.0,66
62,5511.0,66
68,5510.0,66
10,1212.0,66
46,3994.0,66
36,3182.0,66
93,5526.0,66
30,2646.0,66
75,5589.0,66
77,5510.0,66
7,709.0,66
42,3749.0,66
52,4754.0,66
23,2355.0,66
48,4216.0,66
32,2742.0,66
38,3311.0,66
67,5426.0,66
23,2318.0,66
24,2473.0,66
42,3735.0,66
61,5269.0,66
50,4461.0,66
45,4004.0,66
78,5695.0,66
23,2291.0,66
18,1955.0,66
1,0.0,66
69,5414.0,66
74,5565.0,66
75,5681.0,66
88,5716.0,66
88,5698.0,66
59,5133.0,66
13,1361.0,66
68,5312.0,66
91,5377.0,66
63,5468.0,66
56,4888.0,66
86,5252.0,66
92,5183.0,66
24,2479.0,66
46,4010.0,66
68,5553.0,66
13,1356.0,66
22,2347.0,66
83,5417.0,66
90,5387.0,66
48,4241.0,66
83,5473.0,66
1,0.0,66
97,6054.0,66
9,930.0,66
1,0.0,66
25,2507.0,66
73,5671.0,66
59,5148.0,66
44,3853.0,66
37,3318.0,66
26,2502.0,66
33,2935.0,66
16,1555.0,66
28,2628.0,66
42,3751.0,66
12,1358.0,66
56,5021.0,66
88,5520.0,66
8,929.0,66
85,5276.0,66
25,2473.0,66
20,2081.0,66
29,2660.0,66
15,1355.0,66
80,5622.0,66
26,2495.0,66
68,5579.0,66
28,2644.0,66
35,3191.0,66
74,5300.0,66
18,1948.0,66
70,5564.0,66
21,2076.0,66
52,4705.0,66
50,4435.0,66
39,3505.0,66
54,4849.0,66
9,868.0,66
29,2657.0,66
51,4496.0,66
52,4718.0,66
5,367.0,66
50,4446.0,66
84,5521.0,66
65,5606.0,66
38,3304.0,66
21,2065.0,66
38,3320.0,66
29,2651.0,66
40,3520.0,66
73,5425.0,66
34,2934.0,66
85,5699.0,66
8,918.0,66
81,5584.0,66
46,4003.0,66
87,5539.0,66
7,711.0,66
89,5016.0,66
29,2674.0,66
22,2296.0,66
97,5798.0,66
21,2077.0,66
21,2073.0,66
80,5569.0,66
50,4437.0,66
60,5267.0,66
44,3859.0,66
10,1200.0,66
39,3514.0,66
62,5529.0,66
50,4470.0,66
13,1356.0,66
94,5097.0,66
1,0.0,66
66,5770.0,66
71,5620.0,66
72,5392.0,66
96,5606.0,66
61,5277.0,66
79,5323.0,66
16,1514.0,66
96,5288.0,66
16,1542.0,66
8,942.0,66
50,4420.0,66
66,5749.0,66
46,4011.0,66
58,5215.0,66
60,5273.0,66
75,5681.0,66
73,5594.0,66
2,0.0,66
85,5510.0,66
36,3173.0,66
1,0.0,66
32,2736.0,66
40,3508.0,66
17,1516.0,66
26,2496.0,66
45,3988.0,66
34,2944.0,66
18,1951.0,66
82,5563.0,66
28,2699.0,66
39,3507.0,66
48,4238.0,66
22,2318.0,66
58,5175.0,66
91,5504.0,66
67,5368.0,66
57,4917.0,66
96,5274.0,66
30,2642.0,66
3,0.0,66
75,5461.0,66
97,5322.0,66
25,2586.0,66
88,5559.0,66
94,5713.0,66
9,924.0,66
39,3507.0,66
55,4829.0,66
91,5157.0,66
9,924.0,66
22,2345.0,66
99,5504.0,66
77,5590.0,66
33,2925.0,66
85,5579.0,66
21,2078.0,66
77,5490.0,66
25,2478.0,66
31,2741.0,66
99,5601.0,66
44,3863.0,66
2,0.0,66
89,4828.0,66
63,5513.0,66
82,5600.0,66
69,5583.0,66
42,3754.0,66
32,2746.0,66
25,2545.0,66
82,5377.0,66
92,5825.0,66
80,5367.0,66
96,6029.0,66
98,5279.0,66
74,5328.0,66
92,5559.0,66
7,712.0,66
27,2641.0,66
40,3516.0,66
19,1958.0,66
73,5544.0,66
91,5781.0,66
18,1961.0,66
12,1359.0,66
56,4942.0,66
71,5706.0,66
81,5600.0,66
31,2736.0,66
3,0.0,66
29,2672.0,66
49,4367.0,66
24,2457.0,66
67,5416.0,66
51,4435.0,66
87,5358.0,66
60,5265.0,66
27,2645.0,66
83,5483.0,66
76,5385.0,66
6,710.0,66
29,2654.0,66
83,5776.0,66
77,5545.0,66
80,5538.0,66
69,5596.0,66
3,0.0,66
90,5591.0,66
4,369.0,66
66,5754.0,66
63,5437.0,66
38,3335.0,66
57,4924.0,66
9,937.0,66
84,5585.0,66
59,5181.0,66
75,5517.0,66
35,3186.0,66
46,3998.0,66
80,5285.0,66
29,2673.0,66
95,5646.0,66
93,4510.0,66
44,3878.0,66
56,4947.0,66
81,5644.0,66
19,1949.0,66
33,2935.0,66
49,4374.0,66
89,5506.0,66
60,5292.0,66
93,5713.0,66
29,2678.0,66
34,2926.0,66
50,4387.0,66
22,2367.0,66
14,1352.0,66
53,4750.0,66
37,3329.0,66
61,5272.0,66
61,5277.0,66
100,5536.0,66
11,1200.0,66
27,2629.0,66
85,5347.0,66
84,5611.0,66
66,5480.0,66
33,2937.0,66
41,3761.0,66
93,5556.0,66
34,2924.0,66
83,5174.0,66
48,4232.0,66
62,5416.0,66
17,1538.0,66
7,709.0,66
61,5279.0,66
6,710.0,66
46,4007.0,66
20,2071.0,66
19,1957.0,66
92,5897.0,66
56,4930.0,66
65,5621.0,66
72,5569.0,66
29,2645.0,66
67,5473.0,66
90,5333.0,66
1,0.0,66
7,710.0,66
78,5564.0,66
95,5674.0,66
55,4832.0,66
57,4931.0,66
92,5816.0,66
77,5714.0,66
7,711.0,66
74,5535.0,66
3,0.0,66
63,5462.0,66
52,4737.0,66
12,1360.0,66
16,1529.0,66
76,5650.0,66
39,3509.0,66
91,4774.0,66
79,5474.0,66
68,5474.0,66
28,2640.0,66
15,1364.0,66
27,2635.0,66
18,1957.0,66
10,1193.0,66
14,1358.0,66
56,4913.0,66
51,4483.0,66
64,5341.0,66
93,5423.0,66
25,2522.0,66
29,2649.0,66
77,5529.0,66
65,5525.0,66
30,2659.0,66
1,0.0,66
66,5756.0,66
84,5728.0,66
58,5178.0,66
6,713.0,66
96,5336.0,66
98,5691.0,66
10,1206.0,66
4,367.0,66
93,5409.0,66
19,1952.0,66
55,4827.0,66
49,4371.0,66
8,940.0,66
46,4012.0,66
91,5743.0,66
60,5272.0,66
84,5578.0,66
6,708.0,66
54,4863.0,66
81,5569.0,66
69,5545.0,66
56,5018.0,66
6,711.0,66
47,4241.0,66
21,2068.0,66
3,0.0,66
54,4818.0,66
75,5716.0,66
80,5388.0,66
82,5304.0,66
11,1200.0,66
3,0.0,66
20,2082.0,66
6,705.0,66
35,3173.0,66
8,929.0,66
43,3844.0,66
4,370.0,66
82,5633.0,66
34,2932.0,66
83,5691.0,66
24,2461.0,66
33,2939.0,66
14,1357.0,66
91,5692.0,66
100,6455.0,66
91,4800.0,66
64,5606.0,66
86,5395.0,66
31,2744.0,66
11,1208.0,66
63,5465.0,66
86,5663.0,66
34,2931.0,66
93,5481.0,66
70,5455.0,66
53,4750.0,66
24,2458.0,66
38,3326.0,66
41,3750.0,66
69,5555.0,66
93,5670.0,66
14,1357.0,66
71,5706.0,66
88,5590.0,66
60,5265.0,66
57,4987.0,66
55,4849.0,66
78,5373.0,66
82,5716.0,66
47,4244.0,66
84,5665.0,66
37,3335.0,66
35,3181.0,66
48,4229.0,66
8,907.0,66
61,5256.0,66
90,5618.0,66
76,5571.0,66
69,5510.0,66
73,5566.0,66
67,5487.0,66
42,3746.0,66
11,1195.0,66
100,5516.0,66
43,3832.0,66
39,3496.0,66
75,5306.0,66
83,5428.0,66
100,5676.0,66
88,5543.0,66
70,5504.0,66
88,5729.0,66
98,5530.0,66
70,5632.0,66
87,5536.0,66
5,366.0,66
93,5438.0,66
41,3756.0,66
13,1358.0,66
22,2288.0,66
21,2077.0,66
54,4831.0,66
76,5415.0,66
54,4833.0,66
46,3989.0,66
6,712.0,66
41,3744.0,66
9,925.0,66
68,5564.0,66
12,1358.0,66
2,0.0,66
64,5486.0,66
76,5459.0,66
8,877.0,66
80,5595.0,66
27,2657.0,66
83,5609.0,66
76,5481.0,66
43,3836.0,66
83,5486.0,66
85,5499.0,66
49,4367.0,66
25,2524.0,66
11,1197.0,66
77,5472.0,66
70,5520.0,66
67,5731.0,66
3,0.0,66
80,5581.0,66
31,2736.0,66
35,3163.0,66
21,2087.0,66
20,2067.0,66
20,2068.0,66
88,5330.0,66
45,4003.0,66
40,3501.0,66
10,1202.0,66
47,4229.0,66
97,5512.0,66
79,5175.0,66
68,5498.0,66
99,5240.0,66
89,5497.0,66
24,2478.0,66
92,5657.0,66
71,5398.0,66
55,4848.0,66
45,4011.0,66
49,4347.0,66
96,6343.0,66
10,1181.0,66
85,5712.0,66
36,3183.0,66
20,2078.0,66
39,3506.0,66
10,1194.0,66
65,5432.0,66
32,2736.0,66
7,711.0,66
50,4447.0,66
32,2750.0,66
43,3885.0,66
72,5574.0,66
85,5539.0,66
34,2930.0,66
12,1360.0,66
80,5525.0,66
20,2068.0,66
66,5536.0,66
100,5682.0,66
100,5868.0,66
45,4006.0,66
83,5382.0,66
33,2934.0,66
49,4355.0,66
64,5550.0,66
80,5522.0,66
2,0.0,66
89,6534.0,66
4,368.0,66
99,5513.0,66
13,1351.0,66
71,5679.0,66
9,943.0,66
48,4228.0,66
65,5570.0,66
84,5375.0,66
61,5269.0,66
62,5464.0,66
5,367.0,66
33,2926.0,66
66,5760.0,66
100,5644.0,66
86,5451.0,66
56,4957.0,66
99,6182.0,66
82,5327.0,66
69,5540.0,66
98,6680.0,66
27,2673.0,66
95,5266.0,66
81,5584.0,66
97,5562.0,66
87,5684.0,66
89,5919.0,66
94,5259.0,66
38,3327.0,66
43,3820.0,66
56,4896.0,66
96,6011.0,66
49,4368.0,66
55,4861.0,66
14,1358.0,66
96,5458.0,66
48,4243.0,66
28,2655.0,66
98,5533.0,66
17,1555.0,66
71,5278.0,66
88,5567.0,66
65,5574.0,66
27,2658.0,66
25,2496.0,66
41,3750.0,66
71,5477.0,66
14,1370.0,66
25,2477.0,66
67,5605.0,66
75,5529.0,66
15,1359.0,66
57,4926.0,66
16,1532.0,66
30,2654.0,66
34,2939.0,66
97,5008.0,66
35,3171.0,66
5,368.0,66
95,5702.0,66
63,5493.0,66
46,4013.0,66
8,935.0,66
90,5431.0,66
85,5542.0,66
62,5515.0,66
45,3997.0,66
81,5518.0,66
14,1363.0,66
72,5666.0,66
29,2646.0,66
34,2938.0,66
25,2511.0,66
11,1179.0,66
53,4740.0,66
90,5547.0,66
32,2728.0,66
1,0.0,66
94,5658.0,66
39,3513.0,66
26,2474.0,66
39,3501.0,66
98,5950.0,66
59,5197.0,66
94,5654.0,66
89,6688.0,66
28,2657.0,66
98,5607.0,66
23,2361.0,66
70,5581.0,66
97,5581.0,66
40,3504.0,66
3,0.0,66
72,5548.0,66
23,2307.0,66
82,5514.0,66
42,3759.0,66
90,5803.0,66
93,5503.0,66
51,4459.0,66
56,4907.0,66
93,6206.0,66
96,5500.0,66
20,2074.0,66
70,5624.0,66
8,844.0,66
46,4013.0,66
91,5258.0,66
87,5703.0,66
76,5370.0,66
43,3849.0,66
53,4731.0,66
40,3513.0,66
95,5937.0,66
2,0.0,66
60,5266.0,66
38,3329.0,66
95,5342.0,66
76,5681.0,66
96,5428.0,66
11,1195.0,66
40,3500.0,66
49,4373.0,66
15,1357.0,66
4,368.0,66
14,1358.0,66
58,5187.0,66
46,4006.0,66
79,5500.0,66
87,5553.0,66
86,5563.0,66
41,3747.0,66
94,5319.0,66
20,2080.0,66
63,5469.0,66
87,5711.0,66
20,2079.0,66
95,5615.0,66
99,6412.0,66
27,2682.0,66
17,1518.0,66
76,5440.0,66
61,5273.0,66
18,1953.0,66
7,712.0,66
100,5371.0,66
32,2744.0,66
96,5648.0,66
7,711.0,66
63,5523.0,66
28,2642.0,66
42,3749.0,66
58,5154.0,66
39,3512.0,66
36,3189.0,66
21,2070.0,66
26,2444.0,66
78,5495.0,66
14,1354.0,66
35,3180.0,66
95,5194.0,66
62,5443.0,66
35,3188.0,66
55,4829.0,66
97,5466.0,66
53,4730.0,66
12,1355.0,66
88,5576.0,66
92,5095.0,66
40,3484.0,66
80,5622.0,66
30,2646.0,66
9,934.0,66
26,2500.0,66
9,945.0,66
37,3312.0,66
100,5436.0,66
76,5559.0,66
61,5265.0,66
86,5594.0,66
51,4441.0,66
79,5618.0,66
50,4459.0,66
49,4350.0,66
15,1361.0,66
12,1362.0,66
75,5580.0,66
37,3320.0,66
47,4219.0,66
73,5472.0,66
59,5176.0,66
8,888.0,66
52,4728.0,66
60,5271.0,66
71,5645.0,66
62,5463.0,66
31,2741.0,66
32,2736.0,66
43,3824.0,66
80,5505.0,66
63,5466.0,66
24,2482.0,66
81,5326.0,66
47,4252.0,66
57,4918.0,66
60,5288.0,66
43,3861.0,66
47,4231.0,66
24,2460.0,66
26,2529.0,66
26,2516.0,66
4,365.0,66
14,1356.0,66
51,4442.0,66
96,5638.0,66
55,4851.0,66
36,3180.0,66
63,5497.0,66
24,2477.0,66
97,5256.0,66
93,5154.0,66
37,3334.0,66
49,4368.0,66
13,1362.0,66
55,4836.0,66
72,5604.0,66
10,1204.0,66
81,5630.0,66
79,5952.0,66
44,3871.0,66
51,4420.0,66
54,4846.0,66
6,712.0,66
74,5560.0,66
27,2642.0,66
12,1357.0,66
64,5490.0,66
91,5300.0,66
37,3299.0,66
98,5699.0,66
61,5280.0,66
95,5991.0,66
4,368.0,66
52,4761.0,66
6,714.0,66
40,3501.0,66
36,3185.0,66
15,1355.0,66
3,0.0,66
73,5563.0,66
82,5617.0,66
99,4956.0,66
34,2937.0,66
1,0.0,66
48,4224.0,66
91,5284.0,66
50,4427.0,66
73,5545.0,66
48,4226.0,66
40,3511.0,66
43,3885.0,66
68,5495.0,66
59,5161.0,66
64,5517.0,66
87,5467.0,66
60,5270.0,66
19,1954.0,66
36,3182.0,66
27,2702.0,66
19,1956.0,66
49,4362.0,66
41,3765.0,66
94,5766.0,66
23,2323.0,66
69,5654.0,66
36,3180.0,66
35,3184.0,66
51,4411.0,66
48,4226.0,66
42,3750.0,66
33,2935.0,66
32,2745.0,66
28,2621.0,66
51,4412.0,66
17,1631.0,66
53,4775.0,66
60,5269.0,66
61,5281.0,66
75,5542.0,66
86,5496.0,66
96,5498.0,66
76,5516.0,66
79,5577.0,66
91,6019.0,66
43,3865.0,66
14,1357.0,66
31,2731.0,66
32,2744.0,66
67,5730.0,66
97,6079.0,66
52,4731.0,66
26,2506.0,66
7,715.0,66
85,5690.0,66
98,5660.0,66
25,2467.0,66
64,5527.0,66
10,1178.0,66
28,2666.0,66
46,4018.0,66
22,2314.0,66
59,5196.0,66
90,6094.0,66
49,4358.0,66
75,5474.0,66
63,5435.0,66
58,5165.0,66
10,1198.0,66
60,5269.0,66
78,5595.0,66
39,3507.0,66
55,4789.0,66
26,2489.0,66
66,5768.0,66
94,5433.0,66
77,5520.0,66
5,367.0,66
47,4219.0,66
67,5576.0,66
5,368.0,66
96,5483.0,66
53,4720.0,66
16,1538.0,66
5,368.0,66
59,5173.0,66
73,5544.0,66
100,5519.0,66
78,5676.0,66
85,5642.0,66
41,3756.0,66
34,2928.0,66
62,5525.0,66
19,1953.0,66
7,712.0,66
62,5465.0,66
53,4733.0,66
92,5482.0,66
51,4426.0,66
22,2307.0,66
86,5391.0,66
82,5390.0,66
7,710.0,66
43,3876.0,66
72,5504.0,66
44,3847.0,66
58,5137.0,66
13,1356.0,66
58,5127.0,66
31,2732.0,66
34,2933.0,66
16,1568.0,66
1,0.0,66
72,5557.0,66
99,6299.0,66
81,5638.0,66
30,2636.0,66
16,1531.0,66
82,5391.0,66
77,5592.0,66
74,5512.0,66
88,5506.0,66
50,4400.0,66
32,2737.0,66
14,1361.0,66
44,3890.0,66
3,0.0,66
95,5193.0,66
44,3890.0,66
41,3750.0,66
40,3511.0,66
10,1207.0,66
62,5490.0,66
11,1213.0,66
45,3997.0,66
92,5952.0,66
39,3510.0,66
14,1355.0,66
1,0.0,66
57,4903.0,66
68,5615.0,66
61,5264.0,66
33,2923.0,66
29,2675.0,66
17,1543.0,66
30,2633.0,66
73,5481.0,66
69,5388.0,66
37,3301.0,66
38,3299.0,66
56,4929.0,66
72,5581.0,66
65,5660.0,66
27,2673.0,66
11,1204.0,66
37,3339.0,66
57,4910.0,66
94,5771.0,66
59,5160.0,66
40,3519.0,66
54,4835.0,66
94,5669.0,66
64,5553.0,66
5,368.0,66
65,5627.0,66
80,5579.0,66
86,5642.0,66
64,5516.0,66
49,4338.0,66
55,4833.0,66
52,4708.0,66
98,5234.0,66
15,1363.0,66
45,4000.0,66
52,4777.0,66
58,5178.0,66
33,2923.0,66
1,0.0,66
100,5643.0,66
45,4007.0,66
14,1361.0,66
86,5525.0,66
22,2347.0,66
9,918.0,66
76,5583.0,66
45,4008.0,66
41,3746.0,66
54,4815.0,66
11,1211.0,66
84,5427.0,66
23,2328.0,66
83,5374.0,66
92,5385.0,66
37,3317.0,66
33,2926.0,66
69,5558.0,66
98,5917.0,66
11,1201.0,66
60,5272.0,66
54,4839.0,66
39,3497.0,66
36,3186.0,66
74,5617.0,66
47,4228.0,66
64,5527.0,66
78,5194.0,66
72,5431.0,66
83,5615.0,66
99,5647.0,66
62,5520.0,66
99,5701.0,66
50,4435.0,66
55,4832.0,66
11,1207.0,66
78,5642.0,66
49,4365.0,66
71,5552.0,66
58,5137.0,66
41,3751.0,66
34,2930.0,66
87,6233.0,66
38,3267.0,66
57,4906.0,66
73,5521.0,66
92,5524.0,66
47,4224.0,66
53,4775.0,66
28,2687.0,66
66,5465.0,66
62,5511.0,66
22,2354.0,66
69,5565.0,66
5,371.0,66
100,5933.0,66
93,5627.0,66
26,2467.0,66
29,2662.0,66
2,0.0,66
49,4351.0,66
46,3987.0,66
2,0.0,66
90,5165.0,66
37,3310.0,66
45,4006.0,66
3,0.0,66
13,1356.0,66
67,5555.0,66
90,5434.0,66
84,5759.0,66
73,5676.0,66
15,1364.0,66
15,1360.0,66
5,366.0,66
1,0.0,66
72,5484.0,66
1,0.0,66
41,3755.0,66
74,5762.0,66
92,5753.0,66
31,2734.0,66
34,2929.0,66
100,4262.0,66
41,3742.0,66
2,0.0,66
70,5699.0,66
64,5495.0,66
19,1962.0,66
44,3848.0,66
17,1517.0,66
47,4231.0,66
6,711.0,66
85,5510.0,66
56,4938.0,66
19,1958.0,66
88,5396.0,66
99,5762.0,66
12,1359.0,66
76,5716.0,66
3,0.0,66
23,2282.0,66
88,5584.0,66
98,6182.0,66
59,5219.0,66
42,3749.0,66
23,2327.0,66
74,5490.0,66
16,1659.0,66
2,0.0,66
62,5470.0,66
8,897.0,66
65,5588.0,66
15,1354.0,66
33,2934.0,66
36,3193.0,66
22,2301.0,66
17,1547.0,66
28,2626.0,66
9,938.0,66
56,4924.0,66
92,5685.0,66
47,4222.0,66
35,3184.0,66
55,4815.0,66
16,1516.0,66
52,4725.0,66
50,4464.0,66
92,5195.0,66
9,925.0,66
72,5773.0,66
37,3300.0,66
31,2736.0,66
17,1538.0,66
95,5357.0,66
20,2090.0,66
20,2067.0,66
68,5560.0,66
12,1352.0,66
37,3307.0,66
98,5502.0,66
92,5465.0,66
78,5494.0,66
4,368.0,66
89,5735.0,66
6,710.0,66
38,3271.0,66
10,1209.0,66
100,5261.0,66
44,3856.0,66
11,1206.0,66
42,3740.0,66
75,5483.0,66
86,5786.0,66
27,2639.0,66
51,4454.0,66
14,1364.0,66
52,4711.0,66
6,709.0,66
66,5584.0,66
81,5569.0,66
15,1366.0,66
86,5473.0,66
27,2680.0,66
21,2065.0,66
92,5643.0,66
74,5519.0,66
65,5577.0,66
1,0.0,66
6,711.0,66
70,5422.0,66
49,4361.0,66
73,5618.0,66
10,1202.0,66
35,3194.0,66
92,5867.0,66
4,368.0,66
78,6145.0,66
47,4237.0,66
7,711.0,66
64,5635.0,66
24,2480.0,66
75,5355.0,66
26,2477.0,66
90,5736.0,66
37,3315.0,66
32,2742.0,66
67,5592.0,66
93,5357.0,66
59,5164.0,66
15,1357.0,66
46,3999.0,66
90,5521.0,66
51,4438.0,66
85,5668.0,66
84,5645.0,66
9,923.0,66
78,5668.0,66
94,5286.0,66
33,2932.0,66
89,5151.0,66
19,1961.0,66
54,4871.0,66
87,5433.0,66
21,2070.0,66
6,713.0,66
7,715.0,66
36,3182.0,66
21,2070.0,66
79,5734.0,66
13,1355.0,66
53,4705.0,66
88,5402.0,66
65,5578.0,66
100,5454.0,66
94,5262.0,66
62,5472.0,66
5,369.0,66
48,4232.0,66
13,1353.0,66
22,2286.0,66
22,2329.0,66
15,1360.0,66
29,2668.0,66
10,1204.0,66
76,5461.0,66
16,1563.0,66
37,3322.0,66
31,2747.0,66
7,711.0,66
23,2306.0,66
64,5474.0,66
9,919.0,66
31,2736.0,66
11,1212.0,66
83,5614.0,66
64,5487.0,66
21,2073.0,66
18,1957.0,66
61,5271.0,66
24,2481.0,66
29,2661.0,66
46,4001.0,66
66,5425.0,66
65,5542.0,66
28,2649.0,66
23,2365.0,66
22,2337.0,66
31,2739.0,66
3,0.0,66
31,2741.0,66
17,1581.0,66
24,2476.0,66
16,1530.0,66
25,2508.0,66
4,367.0,66
6,709.0,66
8,918.0,66
56,4921.0,66
65,5619.0,66
44,3831.0,66
9,931.0,66
70,5564.0,66
63,5527.0,66
68,5544.0,66
39,3507.0,66
30,2648.0,66
35,3186.0,66
71,5678.0,66
42,3729.0,66
70,5576.0,66
34,2933.0,66
59,5209.0,66
8,924.0,66
21,2062.0,66
74,5464.0,66
95,5815.0,66
44,3845.0,66
69,5508.0,66
30,2641.0,66
59,5154.0,66
53,4749.0,66
12,1361.0,66
18,1944.0,66
51,4438.0,66
13,1360.0,66
43,3850.0,66
89,5467.0,66
79,5547.0,66
56,4917.0,66
52,4716.0,66
78,5699.0,66
58,5194.0,66
8,930.0,66
32,2736.0,66
43,3851.0,66
65,5499.0,66
6,712.0,66
66,5774.0,66
47,4225.0,66
13,1360.0,66
60,5245.0,66
63,5514.0,66
95,5338.0,66
56,4932.0,66
12,1361.0,66
78,5477.0,66
73,5631.0,66
41,3755.0,66
42,3750.0,66
49,4360.0,66
57,4909.0,66
89,5469.0,66
93,5621.0,66
42,3752.0,66
98,5621.0,66
44,3843.0,66
88,5476.0,66
16,1590.0,66
79,5424.0,66
84,5479.0,66
77,5572.0,66
79,5331.0,66
68,5486.0,66
16,1540.0,66
36,3189.0,66
40,3509.0,66
17,1567.0,66
65,5557.0,66
36,3177.0,66
25,2513.0,66
72,5584.0,66
97,5524.0,66
100,6169.0,66
35,3176.0,66
41,3754.0,66
73,5485.0,66
79,5532.0,66
90,5692.0,66
58,5144.0,66
88,5398.0,66
57,4983.0,66
41,3741.0,66
52,4717.0,66
82,5538.0,66
61,5266.0,66
84,5451.0,66
44,3869.0,66
30,2667.0,66
18,1961.0,66
75,5512.0,66
1,0.0,66
55,4823.0,66
86,5552.0,66
45,4032.0,66
89,5698.0,66
92,4908.0,66
13,1358.0,66
60,5293.0,66
78,5592.0,66
61,5275.0,66
17,1574.0,66
38,3323.0,66
69,5525.0,66
22,2360.0,66
44,3832.0,66
44,3814.0,66
22,2384.0,66
12,1369.0,66
39,3495.0,66
89,5800.0,66
99,5521.0,66
57,4917.0,66
72,5728.0,66
20,2075.0,66
18,1955.0,66
2,0.0,66
23,2361.0,66
95,5440.0,66
25,2495.0,66
51,4464.0,66
69,5528.0,66
24,2470.0,66
57,4924.0,66
87,4473.0,66
100,5666.0,66
83,5571.0,66
67,5594.0,66
79,5592.0,66
28,2661.0,66
91,5564.0,66
54,4837.0,66
99,5428.0,66
65,5571.0,66
17,1572.0,66
36,3177.0,66
16,1570.0,66
54,4813.0,66
30,2664.0,66
12,1360.0,66
69,5522.0,66
3,0.0,66
62,5512.0,66
47,4224.0,66
90,5449.0,66
46,4000.0,66
62,5476.0,66
17,1523.0,66
6,708.0,66
72,5671.0,66
40,3510.0,66
74,5515.0,66
12,1359.0,66
53,4700.0,66
59,5171.0,66
86,5378.0,66
99,5692.0,66
26,2488.0,66
75,5600.0,66
35,3180.0,66
85,5433.0,66
47,4244.0,66
33,2928.0,66
79,5499.0,66
56,4891.0,66
21,2070.0,66
16,1528.0,66
81,5600.0,66
58,5169.0,66
26,2500.0,66
7,709.0,66
93,5574.0,66
7,710.0,66
52,4758.0,66
38,3326.0,66
23,2337.0,66
96,5444.0,66
18,1954.0,66
82,5666.0,66
32,2733.0,66
75,5514.0,66
94,6112.0,66
9,921.0,66
42,3757.0,66
5,366.0,66
40,3514.0,66
38,3293.0,66
29,2632.0,66
53,4727.0,66
19,1957.0,66
38,3327.0,66
5,417.0,46
44,5278.0,46
49,5654.0,46
90,5495.0,46
25,3316.0,46
96,5466.0,46
86,5444.0,46
81,5446.0,46
100,8172.0,46
41,4960.0,46
100,5454.0,46
46,5576.0,46
27,3544.0,46
46,5446.0,46
65,5552.0,46
25,3319.0,46
67,5472.0,46
37,4420.0,46
68,5574.0,46
48,5583.0,46
57,5503.0,46
66,5475.0,46
68,5610.0,46
26,3292.0,46
70,5485.0,46
61,5501.0,46
58,5538.0,46
68,5498.0,46
6,782.0,46
6,757.0,46
48,5499.0,46
23,2907.0,46
71,5481.0,46
20,2606.0,46
82,5485.0,46
7,771.0,46
2,0.0,46
63,5564.0,46
15,1787.0,46
61,5468.0,46
11,1288.0,46
19,2374.0,46
39,4677.0,46
79,5496.0,46
67,5526.0,46
96,5523.0,46
20,2594.0,46
80,5462.0,46
32,3954.0,46
1,0.0,46
86,5506.0,46
19,2394.0,46
64,5447.0,46
18,2378.0,46
60,5507.0,46
20,2639.0,46
20,2576.0,46
98,5460.0,46
33,4023.0,46
74,5492.0,46
92,5493.0,46
61,5478.0,46
1,0.0,46
60,5475.0,46
100,5498.0,46
14,1772.0,46
11,1331.0,46
23,2875.0,46
67,5502.0,46
5,425.0,46
77,5464.0,46
90,5460.0,46
93,5499.0,46
66,5524.0,46
68,5530.0,46
4,413.0,46
38,4338.0,46
49,5479.0,46
86,5480.0,46
93,5469.0,46
100,5470.0,46
44,5298.0,46
65,5524.0,46
52,5497.0,46
98,5490.0,46
6,768.0,46
3,0.0,46
26,3298.0,46
69,5582.0,46
75,5560.0,46
61,5458.0,46
80,5459.0,46
89,5484.0,46
48,5485.0,46
77,5528.0,46
73,5482.0,46
12,1566.0,46
65,5490.0,46
88,5473.0,46
87,5478.0,46
88,5455.0,46
73,6626.0,46
4,430.0,46
9,989.0,46
39,4548.0,46
65,5516.0,46
39,4712.0,46
71,5550.0,46
26,3346.0,46
54,5486.0,46
71,5474.0,46
69,5486.0,46
44,5353.0,46
43,5337.0,46
64,5485.0,46
53,5493.0,46
68,5628.0,46
55,5632.0,46
64,5523.0,46
93,5475.0,46
69,5482.0,46
67,5484.0,46
79,5561.0,46
17,2032.0,46
48,5471.0,46
21,2585.0,46
37,4390.0,46
29,3696.0,46
84,6050.0,46
79,5558.0,46
12,1568.0,46
28,3554.0,46
58,5505.0,46
79,5476.0,46
29,3716.0,46
71,5490.0,46
47,5537.0,46
80,5528.0,46
31,3938.0,46
93,5493.0,46
67,5637.0,46
33,4046.0,46
97,5503.0,46
28,3516.0,46
75,5480.0,46
59,5516.0,46
31,3894.0,46
12,1570.0,46
47,5561.0,46
31,3921.0,46
10,1262.0,46
3,0.0,46
28,3544.0,46
12,1575.0,46
87,5479.0,46
95,5480.0,46
49,5490.0,46
63,5521.0,46
75,5441.0,46
95,5490.0,46
63,5554.0,46
96,5471.0,46
4,418.0,46
22,2846.0,46
54,5449.0,46
54,5476.0,46
21,2609.0,46
72,5433.0,46
51,5539.0,46
51,5463.0,46
49,5457.0,46
50,5558.0,46
25,3328.0,46
95,5436.0,46
10,1273.0,46
44,5357.0,46
9,1014.0,46
24,3150.0,46
54,5584.0,46
19,2331.0,46
22,2896.0,46
59,5501.0,46
27,3535.0,46
58,5475.0,46
22,2887.0,46
98,5500.0,46
22,2810.0,46
13,1571.0,46
2,0.0,46
78,5517.0,46
76,5493.0,46
38,4335.0,46
17,2019.0,46
16,2074.0,46
94,5450.0,46
32,3942.0,46
34,4044.0,46
2,0.0,46
35,4205.0,46
50,5488.0,46
54,5517.0,46
90,5441.0,46
44,5309.0,46
88,5485.0,46
8,998.0,46
38,4365.0,46
48,5494.0,46
71,5529.0,46
5,415.0,46
14,1786.0,46
21,2560.0,46
98,5527.0,46
46,5506.0,46
31,3930.0,46
75,5482.0,46
14,1783.0,46
30,3695.0,46
23,2911.0,46
46,5404.0,46
89,5478.0,46
43,5350.0,46
8,1000.0,46
84,5456.0,46
97,5442.0,46
78,5494.0,46
65,5531.0,46
44,5353.0,46
52,5492.0,46
89,5418.0,46
47,5492.0,46
41,4961.0,46
86,5479.0,46
96,5471.0,46
27,3545.0,46
76,5474.0,46
42,4981.0,46
13,1572.0,46
78,5540.0,46
7,757.0,46
81,5474.0,46
14,1784.0,46
25,3334.0,46
93,5461.0,46
55,5507.0,46
85,5429.0,46
82,8594.0,46
40,4676.0,46
60,5475.0,46
33,3955.0,46
7,838.0,46
2,0.0,46
18,2353.0,46
13,1562.0,46
30,3680.0,46
12,1584.0,46
82,5479.0,46
40,4681.0,46
78,5501.0,46
15,1781.0,46
8,1013.0,46
21,2598.0,46
79,5566.0,46
96,5479.0,46
35,4217.0,46
4,411.0,46
56,5450.0,46
25,3284.0,46
39,4587.0,46
77,5474.0,46
57,5492.0,46
52,5488.0,46
19,2450.0,46
82,5458.0,46
65,5580.0,46
18,2369.0,46
15,1770.0,46
10,1287.0,46
81,5447.0,46
8,988.0,46
56,5484.0,46
62,5547.0,46
68,5514.0,46
56,5469.0,46
85,5479.0,46
35,4240.0,46
86,5496.0,46
60,5517.0,46
82,5450.0,46
34,3988.0,46
43,5350.0,46
50,5530.0,46
73,5459.0,46
96,5469.0,46
77,5479.0,46
85,5568.0,46
97,5464.0,46
78,5557.0,46
80,5462.0,46
68,5556.0,46
28,3458.0,46
22,2872.0,46
36,4277.0,46
39,4692.0,46
39,4701.0,46
37,4341.0,46
27,3518.0,46
44,5302.0,46
11,1300.0,46
75,5464.0,46
72,5464.0,46
70,5491.0,46
51,5585.0,46
8,999.0,46
68,5575.0,46
92,5479.0,46
11,1411.0,46
63,5539.0,46
83,5528.0,46
50,5553.0,46
73,5479.0,46
41,4937.0,46
84,5471.0,46
89,5415.0,46
55,5462.0,46
86,5482.0,46
13,1588.0,46
36,4221.0,46
13,1575.0,46
17,2096.0,46
11,1274.0,46
11,1283.0,46
46,5508.0,46
64,5528.0,46
12,1594.0,46
23,2873.0,46
86,5523.0,46
70,5484.0,46
30,3714.0,46
24,3145.0,46
18,2337.0,46
79,5454.0,46
37,4399.0,46
63,5509.0,46
63,5491.0,46
38,4484.0,46
23,2889.0,46
75,5461.0,46
41,4930.0,46
90,5433.0,46
6,763.0,46
76,5538.0,46
16,2045.0,46
82,9116.0,46
12,1582.0,46
76,5491.0,46
55,5473.0,46
13,1585.0,46
39,4647.0,46
25,3334.0,46
25,3298.0,46
51,5493.0,46
51,5504.0,46
34,3971.0,46
50,5568.0,46
66,5503.0,46
90,5452.0,46
13,1556.0,46
60,5550.0,46
17,2088.0,46
80,5517.0,46
55,5545.0,46
62,5573.0,46
47,5510.0,46
29,3707.0,46
88,5488.0,46
99,5509.0,46
85,5443.0,46
67,5517.0,46
38,4365.0,46
52,5533.0,46
10,1294.0,46
56,5477.0,46
17,2099.0,46
71,5472.0,46
41,4933.0,46
75,5491.0,46
88,5441.0,46
57,5565.0,46
41,4929.0,46
48,5512.0,46
32,3905.0,46
11,1301.0,46
14,1778.0,46
30,3690.0,46
33,3988.0,46
6,778.0,46
64,5579.0,46
18,2345.0,46
45,5510.0,46
81,5489.0,46
96,5523.0,46
67,5516.0,46
75,5514.0,46
64,5513.0,46
97,5446.0,46
94,5458.0,46
84,6098.0,46
26,3303.0,46
79,5467.0,46
94,5476.0,46
42,5011.0,46
94,5451.0,46
39,4688.0,46
12,1571.0,46
51,5516.0,46
26,3314.0,46
59,5537.0,46
65,5523.0,46
2,0.0,46
42,4930.0,46
31,3910.0,46
92,5455.0,46
25,3313.0,46
72,5476.0,46
75,5486.0,46
83,5472.0,46
37,4421.0,46
49,5481.0,46
17,2024.0,46
44,5157.0,46
27,3518.0,46
33,3931.0,46
64,5491.0,46
17,2084.0,46
18,2364.0,46
37,4393.0,46
58,5515.0,46
46,5557.0,46
41,4965.0,46
76,5484.0,46
17,2013.0,46
11,1314.0,46
3,0.0,46
66,5534.0,46
71,5513.0,46
72,5490.0,46
87,5455.0,46
87,5469.0,46
56,5454.0,46
6,772.0,46
65,5541.0,46
90,5467.0,46
60,5514.0,46
53,5531.0,46
85,5545.0,46
91,5480.0,46
18,2335.0,46
42,4949.0,46
65,5527.0,46
6,763.0,46
16,2102.0,46
81,5488.0,46
89,5458.0,46
44,5307.0,46
81,5444.0,46
3,0.0,46
96,5471.0,46
1,0.0,46
3,0.0,46
19,2377.0,46
70,5507.0,46
56,5518.0,46
40,4608.0,46
32,3920.0,46
20,2604.0,46
28,3544.0,46
9,1016.0,46
23,2923.0,46
37,4336.0,46
5,454.0,46
53,5555.0,46
87,5487.0,46
100,5503.0,46
84,8922.0,46
19,2347.0,46
14,1779.0,46
24,3143.0,46
8,1015.0,46
78,5441.0,46
20,2597.0,46
65,5456.0,46
23,2893.0,46
30,3688.0,46
71,5502.0,46
11,1287.0,46
67,5484.0,46
15,1781.0,46
49,5486.0,46
46,5303.0,46
34,4009.0,46
51,5518.0,46
1,0.0,46
24,3106.0,46
47,5481.0,46
49,5498.0,46
48,5481.0,46
46,5465.0,46
82,7965.0,46
62,5516.0,46
33,4049.0,46
15,1789.0,46
33,4004.0,46
24,3127.0,46
35,4272.0,46
70,5497.0,46
29,3666.0,46
84,6172.0,46
100,5426.0,46
79,5469.0,46
42,5023.0,46
86,5457.0,46
83,5467.0,46
88,5458.0,46
24,3096.0,46
16,2074.0,46
96,5445.0,46
15,1778.0,46
15,1795.0,46
78,5475.0,46
46,5455.0,46
57,5662.0,46
40,4479.0,46
2,0.0,46
34,4150.0,46
59,5530.0,46
46,5516.0,46
6,778.0,46
93,5468.0,46
3,0.0,46
63,5524.0,46
68,5479.0,46
69,5475.0,46
95,5466.0,46
58,5511.0,46
77,5498.0,46
9,996.0,46
95,5471.0,46
9,1011.0,46
100,5474.0,46
46,5479.0,46
63,5514.0,46
42,4909.0,46
55,5466.0,46
57,5492.0,46
72,5457.0,46
70,5509.0,46
12,1576.0,46
84,5523.0,46
31,3948.0,46
3,110.0,46
27,3532.0,46
35,4201.0,46
10,1302.0,46
20,2563.0,46
41,4977.0,46
29,3695.0,46
11,1278.0,46
80,5485.0,46
23,2931.0,46
34,3986.0,46
44,5351.0,46
16,2073.0,46
55,5501.0,46
90,5446.0,46
64,5479.0,46
54,5453.0,46
95,5504.0,46
25,3318.0,46
21,2560.0,46
72,5471.0,46
96,5474.0,46
19,2333.0,46
87,5424.0,46
93,5453.0,46
1,0.0,46
34,4047.0,46
52,5472.0,46
90,5458.0,46
1,0.0,46
16,2070.0,46
98,5469.0,46
75,5549.0,46
28,3582.0,46
84,5439.0,46
15,1785.0,46
75,5454.0,46
19,2312.0,46
26,3323.0,46
98,5497.0,46
40,4680.0,46
12,1580.0,46
88,5524.0,46
60,5478.0,46
80,5491.0,46
66,5524.0,46
37,4341.0,46
27,3534.0,46
19,2342.0,46
80,5477.0,46
91,5499.0,46
78,5474.0,46
95,5474.0,46
97,5512.0,46
71,5436.0,46
91,5485.0,46
83,5504.0,46
22,2842.0,46
35,4260.0,46
13,1568.0,46
70,5541.0,46
90,5417.0,46
11,1288.0,46
5,428.0,46
53,5564.0,46
68,5512.0,46
79,5500.0,46
26,3337.0,46
21,2598.0,46
24,3121.0,46
45,5519.0,46
18,2362.0,46
64,5506.0,46
47,5474.0,46
86,5438.0,46
57,5536.0,46
22,2880.0,46
81,5466.0,46
73,5460.0,46
74,5444.0,46
24,3135.0,46
81,5558.0,46
75,5473.0,46
78,5479.0,46
66,5504.0,46
21,2587.0,46
89,5485.0,46
39,4672.0,46
63,5501.0,46
60,5528.0,46
33,4032.0,46
54,5559.0,46
1,0.0,46
82,5427.0,46
56,5474.0,46
72,5564.0,46
30,3709.0,46
42,4931.0,46
78,5560.0,46
24,3082.0,46
94,5479.0,46
92,5464.0,46
40,4662.0,46
53,5490.0,46
79,5437.0,46
13,1577.0,46
28,3534.0,46
45,5604.0,46
88,5486.0,46
57,5491.0,46
92,5462.0,46
24,3093.0,46
29,3665.0,46
46,5551.0,46
16,2087.0,46
7,771.0,46
50,5537.0,46
32,3912.0,46
58,5531.0,46
58,5486.0,46
99,5474.0,46
4,432.0,46
22,2892.0,46
84,5539.0,46
82,5515.0,46
63,5500.0,46
28,3533.0,46
36,4250.0,46
92,5461.0,46
29,3686.0,46
81,5554.0,46
44,5313.0,46
59,5514.0,46
10,1289.0,46
83,5471.0,46
58,5553.0,46
74,5509.0,46
42,4963.0,46
14,1786.0,46
13,1571.0,46
91,5372.0,46
53,5537.0,46
62,5550.0,46
69,5576.0,46
24,3132.0,46
64,5528.0,46
89,5486.0,46
3,0.0,46
83,5471.0,46
76,5545.0,46
94,5478.0,46
52,5529.0,46
54,5501.0,46
91,5494.0,46
75,5604.0,46
83,5504.0,46
71,5433.0,46
21,2584.0,46
60,5508.0,46
49,5496.0,46
5,421.0,46
9,990.0,46
73,5520.0,46
34,4005.0,46
90,5473.0,46
77,5472.0,46
65,5530.0,46
23,2901.0,46
8,992.0,46
22,2917.0,46
11,1258.0,46
2,0.0,46
7,746.0,46
53,5482.0,46
47,5516.0,46
61,5491.0,46
92,5458.0,46
19,2346.0,46
24,3158.0,46
75,5500.0,46
62,5497.0,46
25,3375.0,46
3,0.0,46
63,5481.0,46
82,5463.0,46
55,5513.0,46
74,5509.0,46
95,5490.0,46
97,5463.0,46
2,0.0,46
39,4645.0,46
92,5434.0,46
13,1577.0,46
52,5481.0,46
45,5458.0,46
100,5463.0,46
42,4988.0,46
90,5486.0,46
57,5519.0,46
82,5455.0,46
74,5493.0,46
51,5506.0,46
79,5468.0,46
66,5539.0,46
53,5548.0,46
74,5519.0,46
43,5362.0,46
15,1784.0,46
21,2602.0,46
51,5507.0,46
72,5514.0,46
78,5465.0,46
80,5518.0,46
4,433.0,46
21,2626.0,46
14,1785.0,46
74,5402.0,46
30,3708.0,46
100,5502.0,46
38,4355.0,46
39,4680.0,46
80,5477.0,46
29,3677.0,46
81,5481.0,46
18,2384.0,46
28,3546.0,46
7,774.0,46
90,5457.0,46
99,5474.0,46
90,5494.0,46
61,5532.0,46
85,5453.0,46
26,3344.0,46
4,420.0,46
60,5503.0,46
85,5518.0,46
29,3670.0,46
92,5439.0,46
67,5492.0,46
50,5511.0,46
18,2374.0,46
33,4077.0,46
36,4220.0,46
66,5518.0,46
92,5463.0,46
7,761.0,46
68,5505.0,46
87,5468.0,46
57,5508.0,46
54,5549.0,46
52,5553.0,46
76,5476.0,46
80,5517.0,46
43,5311.0,46
82,5497.0,46
32,3955.0,46
30,3679.0,46
44,5220.0,46
100,5530.0,46
58,5564.0,46
89,5470.0,46
73,5516.0,46
66,5564.0,46
70,5493.0,46
64,5540.0,46
37,4381.0,46
4,429.0,46
99,5490.0,46
38,4329.0,46
34,4017.0,46
72,5486.0,46
81,5515.0,46
99,5448.0,46
87,5480.0,46
67,5513.0,46
87,5462.0,46
97,5445.0,46
67,5469.0,46
86,5475.0,46
48,5436.0,46
92,5447.0,46
36,4266.0,46
6,786.0,46
16,2054.0,46
15,1789.0,46
51,5614.0,46
73,5448.0,46
51,5481.0,46
42,4916.0,46
74,5524.0,46
36,4290.0,46
1,0.0,46
65,5485.0,46
5,428.0,46
12,1579.0,46
61,5526.0,46
73,5449.0,46
100,5499.0,46
78,5581.0,46
22,2893.0,46
81,5544.0,46
73,5482.0,46
38,4330.0,46
81,5471.0,46
84,5496.0,46
45,5456.0,46
19,2361.0,46
4,413.0,46
75,5455.0,46
67,5480.0,46
64,5493.0,46
21,2607.0,46
78,5481.0,46
26,3299.0,46
30,3684.0,46
15,1772.0,46
14,1779.0,46
14,1775.0,46
87,5459.0,46
41,5009.0,46
35,4288.0,46
2,0.0,46
43,5345.0,46
96,5516.0,46
77,5504.0,46
65,5547.0,46
98,5577.0,46
88,5464.0,46
18,2312.0,46
91,5481.0,46
68,5605.0,46
52,5458.0,46
41,4898.0,46
45,5470.0,46
95,5487.0,46
2,0.0,46
84,5421.0,46
31,3941.0,46
14,1771.0,46
34,4014.0,46
2,0.0,46
62,5457.0,46
27,3485.0,46
83,5454.0,46
46,5419.0,46
27,3542.0,46
38,4327.0,46
69,5445.0,46
84,5474.0,46
29,3705.0,46
5,416.0,46
78,5513.0,46
14,1778.0,46
63,5494.0,46
99,5499.0,46
99,5522.0,46
41,4987.0,46
81,5548.0,46
28,3589.0,46
45,5443.0,46
61,5497.0,46
78,5583.0,46
12,1566.0,46
88,5465.0,46
39,4623.0,46
98,5505.0,46
6,767.0,46
68,5488.0,46
1,0.0,46
44,5335.0,46
62,5494.0,46
82,5532.0,46
58,5569.0,46
59,5490.0,46
48,5502.0,46
28,3537.0,46
63,5489.0,46
99,5498.0,46
85,5702.0,46
53,5521.0,46
98,5519.0,46
80,5493.0,46
66,5471.0,46
97,5513.0,46
22,2818.0,46
94,5466.0,46
79,5526.0,46
96,5452.0,46
86,5505.0,46
88,5524.0,46
93,5472.0,46
33,4018.0,46
38,4399.0,46
53,5572.0,46
95,5473.0,46
45,5565.0,46
52,5520.0,46
7,778.0,46
95,5471.0,46
44,5316.0,46
23,2864.0,46
97,5456.0,46
10,1278.0,46
68,5504.0,46
87,5438.0,46
62,5571.0,46
22,2853.0,46
19,2363.0,46
36,4163.0,46
68,5585.0,46
7,768.0,46
19,2366.0,46
64,5540.0,46
72,5550.0,46
8,1001.0,46
54,5488.0,46
9,1001.0,46
25,3319.0,46
29,3676.0,46
96,5504.0,46
30,3704.0,46
48,5522.0,46
94,5475.0,46
60,5461.0,46
42,4894.0,46
100,5474.0,46
89,5513.0,46
84,5484.0,46
59,5501.0,46
41,4950.0,46
79,5571.0,46
7,759.0,46
69,5472.0,46
24,3146.0,46
29,3691.0,46
19,2357.0,46
4,410.0,46
50,5521.0,46
89,5471.0,46
27,3554.0,46
3,0.0,46
93,5498.0,46
34,3997.0,46
20,2544.0,46
34,4015.0,46
97,5499.0,46
56,5458.0,46
93,5450.0,46
88,5468.0,46
23,2854.0,46
97,5492.0,46
17,2039.0,46
67,5558.0,46
96,5529.0,46
35,4167.0,46
21,2593.0,46
69,5487.0,46
17,1998.0,46
80,5529.0,46
37,4436.0,46
89,5496.0,46
92,5526.0,46
47,5475.0,46
53,5475.0,46
92,5415.0,46
95,5486.0,46
14,1771.0,46
67,5617.0,46
100,5470.0,46
42,5101.0,46
90,5464.0,46
86,5513.0,46
73,5473.0,46
38,4330.0,46
50,5477.0,46
35,4204.0,46
94,5461.0,46
12,1561.0,46
57,5501.0,46
33,3997.0,46
94,5480.0,46
73,5508.0,46
95,5467.0,46
4,426.0,46
35,4286.0,46
45,5466.0,46
8,991.0,46
39,4650.0,46
7,766.0,46
55,5482.0,46
42,4945.0,46
77,5474.0,46
86,5465.0,46
85,5501.0,46
36,4286.0,46
93,5490.0,46
14,1775.0,46
60,5595.0,46
86,5499.0,46
14,1787.0,46
94,5526.0,46
98,5517.0,46
22,2886.0,46
10,1263.0,46
73,5462.0,46
58,5498.0,46
11,1295.0,46
83,5488.0,46
99,5460.0,46
27,3533.0,46
95,5443.0,46
83,5494.0,46
60,5495.0,46
23,2860.0,46
37,4418.0,46
55,5439.0,46
34,4008.0,46
31,3934.0,46
15,1857.0,46
20,2584.0,46
76,5442.0,46
7,778.0,46
30,3676.0,46
94,5503.0,46
59,5568.0,46
30,3700.0,46
52,5465.0,46
96,5474.0,46
50,5465.0,46
5,410.0,46
87,5453.0,46
91,5466.0,46
35,4242.0,46
78,5449.0,46
25,3338.0,46
1,0.0,46
20,2588.0,46
1,0.0,46
32,3923.0,46
99,5465.0,46
73,6053.0,46
58,5513.0,46
85,5472.0,46
47,5484.0,46
77,5506.0,46
46,5386.0,46
45,5530.0,46
8,1008.0,46
5,423.0,46
72,5438.0,46
32,3949.0,46
43,5330.0,46
70,5490.0,46
56,5474.0,46
100,5467.0,46
49,5502.0,46
57,5562.0,46
68,5499.0,46
59,5518.0,46
26,3341.0,46
27,3522.0,46
38,4358.0,46
78,5532.0,46
60,5570.0,46
18,2386.0,46
79,5569.0,46
43,5318.0,46
54,5471.0,46
57,5479.0,46
38,4429.0,46
43,5334.0,46
18,2395.0,46
20,2626.0,46
20,2601.0,46
39,4661.0,46
7,783.0,46
47,5490.0,46
95,5453.0,46
52,5472.0,46
31,3921.0,46
60,5499.0,46
18,2362.0,46
96,5443.0,46
92,5475.0,46
32,3936.0,46
45,5524.0,46
6,761.0,46
52,5472.0,46
69,5467.0,46
2,0.0,46
79,5520.0,46
77,5508.0,46
40,4638.0,46
47,5520.0,46
51,5465.0,46
74,5468.0,46
71,5509.0,46
22,2867.0,46
5,425.0,46
61,5472.0,46
90,5454.0,46
32,3957.0,46
97,5452.0,46
58,5502.0,46
94,5472.0,46
39,4685.0,46
49,5506.0,46
74,5546.0,46
35,4268.0,46
31,3960.0,46
8,998.0,46
21,2593.0,46
70,5598.0,46
80,5473.0,46
98,5447.0,46
29,3690.0,46
3,0.0,46
44,5334.0,46
90,5479.0,46
46,5464.0,46
70,5479.0,46
44,5345.0,46
35,4146.0,46
38,4430.0,46
65,5471.0,46
56,5515.0,46
61,5555.0,46
86,5543.0,46
57,5508.0,46
13,1639.0,46
31,3926.0,46
22,2831.0,46
13,1563.0,46
45,5449.0,46
36,4262.0,46
93,5470.0,46
17,2225.0,46
66,5533.0,46
31,3952.0,46
30,3677.0,46
47,5465.0,46
44,5318.0,46
37,4320.0,46
28,3546.0,46
27,3551.0,46
23,2920.0,46
47,5478.0,46
10,1268.0,46
50,5526.0,46
57,5508.0,46
58,5503.0,46
72,5469.0,46
85,5832.0,46
95,5479.0,46
73,5476.0,46
77,5503.0,46
90,5502.0,46
38,4368.0,46
7,771.0,46
26,3319.0,46
27,3544.0,46
64,5530.0,46
96,5496.0,46
49,5514.0,46
20,2549.0,46
83,5482.0,46
84,5466.0,46
97,5458.0,46
19,2364.0,46
61,5497.0,46
2,0.0,46
23,2910.0,46
42,4959.0,46
16,2061.0,46
56,5464.0,46
89,5487.0,46
45,5624.0,46
72,5469.0,46
60,5472.0,46
55,5468.0,46
2,0.0,46
57,5474.0,46
76,5528.0,46
34,4071.0,46
52,5533.0,46
20,2597.0,46
63,5615.0,46
93,5425.0,46
75,5465.0,46
48,5477.0,46
43,5231.0,46
64,5494.0,46
48,5471.0,46
95,5450.0,46
50,5499.0,46
9,992.0,46
48,5490.0,46
56,5467.0,46
70,5532.0,46
99,5463.0,46
76,5452.0,46
84,5625.0,46
36,4277.0,46
29,3713.0,46
59,5495.0,46
13,1573.0,46
83,5504.0,46
59,5509.0,46
50,5495.0,46
91,5456.0,46
47,5480.0,46
16,2081.0,46
85,5507.0,46
80,5459.0,46
83,5473.0,46
38,4367.0,46
69,5571.0,46
40,4565.0,46
55,5483.0,46
6,775.0,46
55,5493.0,46
26,3312.0,46
29,3694.0,46
9,1046.0,46
3,0.0,46
69,5520.0,46
98,5486.0,46
79,5521.0,46
25,3324.0,46
9,1001.0,46
80,5484.0,46
75,5519.0,46
71,5478.0,46
87,5458.0,46
46,5450.0,46
27,3530.0,46
7,775.0,46
40,4671.0,46
21,2585.0,46
94,5427.0,46
40,4641.0,46
36,4308.0,46
35,4286.0,46
2,0.0,46
59,5529.0,46
4,419.0,46
41,4906.0,46
91,5478.0,46
34,4048.0,46
7,782.0,46
3,0.0,46
54,5495.0,46
65,5537.0,46
58,5522.0,46
28,3533.0,46
24,3186.0,46
10,1286.0,46
25,3300.0,46
70,5514.0,46
66,5487.0,46
32,3909.0,46
33,4009.0,46
53,5567.0,46
69,5479.0,46
62,5478.0,46
22,2881.0,46
4,427.0,46
32,3941.0,46
54,5550.0,46
93,5460.0,46
56,5452.0,46
35,4249.0,46
51,5516.0,46
93,5449.0,46
61,5494.0,46
48,5523.0,46
62,5627.0,46
78,5477.0,46
85,5763.0,46
61,5494.0,46
45,5498.0,46
52,5495.0,46
49,5529.0,46
97,5452.0,46
8,1002.0,46
41,4955.0,46
49,5535.0,46
55,5475.0,46
28,3546.0,46
3,0.0,46
99,5448.0,46
41,4935.0,46
7,778.0,46
85,5501.0,46
16,2074.0,46
1,0.0,46
73,5469.0,46
41,4951.0,46
36,4281.0,46
51,5465.0,46
4,430.0,46
82,5738.0,46
17,2031.0,46
81,5530.0,46
91,5579.0,46
32,3949.0,46
28,3519.0,46
66,5516.0,46
97,5482.0,46
4,430.0,46
57,5495.0,46
51,5467.0,46
34,4018.0,46
31,3904.0,46
71,5474.0,46
43,5338.0,46
61,5489.0,46
76,5487.0,46
69,5545.0,46
81,5514.0,46
98,5455.0,46
59,5460.0,46
98,5433.0,46
46,5550.0,46
52,5474.0,46
4,415.0,46
76,5510.0,46
45,5428.0,46
68,5497.0,46
55,5561.0,46
36,4239.0,46
29,3690.0,46
86,5546.0,46
33,4030.0,46
54,5557.0,46
70,5446.0,46
91,5490.0,46
43,5317.0,46
50,5488.0,46
23,2849.0,46
63,5505.0,46
59,5538.0,46
16,2040.0,46
66,5492.0,46
48,5515.0,46
99,5549.0,46
92,5470.0,46
20,2587.0,46
24,3081.0,46
12,1584.0,46
45,5595.0,46
42,5007.0,46
12,1577.0,46
89,5479.0,46
32,3929.0,46
41,4975.0,46
21,2606.0,46
6,762.0,46
64,5496.0,46
89,5489.0,46
82,5511.0,46
70,5524.0,46
8,1005.0,46
8,1005.0,46
48,5460.0,46
3,0.0,46
69,5492.0,46
3,0.0,46
36,4280.0,46
71,5573.0,46
91,5448.0,46
26,3324.0,46
29,3715.0,46
99,5455.0,46
36,4108.0,46
12,1539.0,46
67,5465.0,46
61,5497.0,46
13,1568.0,46
40,4638.0,46
10,1276.0,46
43,5353.0,46
74,5477.0,46
84,5461.0,46
53,5463.0,46
13,1571.0,46
87,5497.0,46
98,5454.0,46
5,432.0,46
73,5609.0,46
21,2701.0,46
17,2031.0,46
87,5455.0,46
97,5496.0,46
56,5491.0,46
37,4383.0,46
17,2050.0,46
71,5527.0,46
9,998.0,46
12,1564.0,46
59,5454.0,46
100,5466.0,46
62,5462.0,46
8,1002.0,46
28,3531.0,46
31,3919.0,46
16,2069.0,46
10,1311.0,46
23,2889.0,46
1,0.0,46
53,5527.0,46
91,5490.0,46
43,5352.0,46
30,3706.0,46
52,5517.0,46
9,997.0,46
49,5517.0,46
46,5664.0,46
91,5519.0,46
1,0.0,46
69,5534.0,46
32,3950.0,46
26,3331.0,46
10,1308.0,46
94,5468.0,46
14,1784.0,46
14,1787.0,46
65,5460.0,46
5,414.0,46
32,3923.0,46
97,5448.0,46
91,5497.0,46
76,5480.0,46
39,4662.0,46
88,5466.0,46
74,5518.0,46
33,4044.0,46
2,0.0,46
99,5494.0,46
40,4638.0,46
4,433.0,46
37,4423.0,46
72,5496.0,46
85,5453.0,46
22,2932.0,46
47,5513.0,46
7,773.0,46
49,5509.0,46
74,5453.0,46
63,5507.0,46
79,5474.0,46
8,999.0,46
85,5451.0,46
22,2838.0,46
15,1781.0,46
91,5467.0,46
71,5487.0,46
62,5490.0,46
3,0.0,46
74,5501.0,46
67,5537.0,46
45,5499.0,46
70,5463.0,46
2,0.0,46
30,3690.0,46
91,5450.0,46
39,4606.0,46
76,5428.0,46
43,5304.0,46
83,5508.0,46
61,5585.0,46
18,2365.0,46
72,5547.0,46
20,2595.0,46
89,5497.0,46
32,3928.0,46
27,3519.0,46
64,5478.0,46
92,5502.0,46
56,5481.0,46
8,1012.0,46
42,4952.0,46
89,5514.0,46
47,5492.0,46
84,5481.0,46
82,5482.0,46
1,0.0,46
76,5538.0,46
93,5544.0,46
28,3467.0,46
88,5436.0,46
13,1567.0,46
51,5494.0,46
86,5499.0,46
15,1783.0,46
74,5475.0,46
83,5510.0,46
31,3954.0,46
15,1776.0,46
77,5464.0,46
6,770.0,46
50,5502.0,46
87,5510.0,46
62,5470.0,46
99,5437.0,46
93,5476.0,46
59,5476.0,46
48,5552.0,46
44,5275.0,46
6,761.0,46
16,2053.0,46
16,2104.0,46
8,1029.0,46
24,3104.0,46
2,0.0,46
73,5599.0,46
9,1014.0,46
32,3950.0,46
26,3333.0,46
83,5435.0,46
17,1987.0,46
61,5490.0,46
1,0.0,46
26,3322.0,46
4,407.0,46
81,5453.0,46
61,5470.0,46
15,1788.0,46
11,1290.0,46
58,5495.0,46
18,2359.0,46
24,3082.0,46
42,4961.0,46
63,5509.0,46
62,5525.0,46
23,2831.0,46
17,2067.0,46
16,2068.0,46
26,3329.0,46
21,2632.0,46
26,3322.0,46
10,1261.0,46
18,2354.0,46
9,997.0,46
19,2303.0,46
39,4605.0,46
74,5519.0,46
100,5514.0,46
53,5472.0,46
62,5535.0,46
40,4659.0,46
1,0.0,46
67,5554.0,46
60,5584.0,46
65,5479.0,46
34,4004.0,46
25,3353.0,46
30,3671.0,46
68,5501.0,46
37,4382.0,46
67,5514.0,46
29,3654.0,46
56,5487.0,46
100,5463.0,46
15,1780.0,46
71,5490.0,46
94,5539.0,46
40,4680.0,46
66,5523.0,46
25,3336.0,46
56,5489.0,46
50,5541.0,46
5,432.0,46
11,1315.0,46
47,5500.0,46
6,773.0,46
38,4362.0,46
88,5464.0,46
77,5500.0,46
53,5562.0,46
49,5486.0,46
76,5488.0,46
55,5567.0,46
100,6700.0,46
27,3547.0,46
38,4367.0,46
62,5616.0,46
74,5513.0,46
63,5477.0,46
43,5350.0,46
6,770.0,46
57,5465.0,46
60,5486.0,46
94,5485.0,46
53,5524.0,46
5,408.0,46
76,5444.0,46
70,5543.0,46
36,4285.0,46
37,4406.0,46
45,5461.0,46
54,5472.0,46
88,5475.0,46
92,5433.0,46
37,4334.0,46
97,5438.0,46
40,4647.0,46
87,5528.0,46
9,997.0,46
77,5475.0,46
82,5469.0,46
75,5460.0,46
77,5458.0,46
65,5546.0,46
9,997.0,46
31,3955.0,46
35,4298.0,46
10,1318.0,46
62,5544.0,46
31,3931.0,46
19,2352.0,46
69,5520.0,46
96,5428.0,46
99,5482.0,46
30,3661.0,46
36,4257.0,46
70,5478.0,46
77,5446.0,46
89,5430.0,46
55,5464.0,46
87,5439.0,46
54,5505.0,46
36,4312.0,46
49,5311.0,46
80,5472.0,46
58,5537.0,46
82,5507.0,46
40,4588.0,46
25,3324.0,46
11,1318.0,46
72,5473.0,46
3,0.0,46
52,5504.0,46
85,5525.0,46
41,4838.0,46
88,5491.0,46
91,5492.0,46
6,765.0,46
57,5489.0,46
76,5496.0,46
58,5473.0,46
10,1296.0,46
33,4012.0,46
66,5501.0,46
16,2048.0,46
40,4594.0,46
40,4638.0,46
16,2052.0,46
5,423.0,46
34,4001.0,46
88,5477.0,46
98,5532.0,46
54,5491.0,46
69,5545.0,46
14,1777.0,46
11,1332.0,46
12,1590.0,46
17,2069.0,46
94,5475.0,46
19,2351.0,46
47,5492.0,46
66,5483.0,46
18,2362.0,46
54,5476.0,46
86,5495.0,46
99,5477.0,46
81,5552.0,46
64,5488.0,46
77,5512.0,46
23,2915.0,46
90,5489.0,46
51,5489.0,46
98,5461.0,46
62,5519.0,46
10,1285.0,46
31,3907.0,46
9,999.0,46
51,5470.0,46
25,3327.0,46
5,420.0,46
66,5500.0,46
21,2587.0,46
59,5466.0,46
43,5336.0,46
89,5478.0,46
42,5074.0,46
59,5497.0,46
10,1268.0,46
74,5458.0,46
69,5496.0,46
35,4187.0,46
71,5529.0,46
5,431.0,46
50,5555.0,46
56,5472.0,46
85,5435.0,46
98,5464.0,46
20,2586.0,46
72,5497.0,46
30,3797.0,46
84,5432.0,46
43,5288.0,46
28,3534.0,46
77,5483.0,46
53,5490.0,46
15,1779.0,46
9,996.0,46
79,5465.0,46
55,5463.0,46
20,2611.0,46
83,5497.0,46
92,5489.0,46
83,5458.0,46
49,5490.0,46
33,4016.0,46
17,2054.0,46
95,5471.0,46
11,1316.0,46
80,5489.0,46
27,3527.0,46
72,5513.0,46
93,5429.0,46
1,0.0,46
37,4393.0,46
48,5499.0,46
35,4252.0,46
33,4001.0,46
24,3136.0,46
50,5575.0,46
13,1550.0,46
33,3966.0,46
